areaCode,areaName,areaType,date,cumPeopleVaccinatedFirstDoseByPublishDate,cumPeopleVaccinatedSecondDoseByPublishDate
E92000001,England,nation,2021-10-26,41723652,38224311
E92000001,England,nation,2021-10-25,41687872,38204812
E92000001,England,nation,2021-10-24,41655840,38186561
E92000001,England,nation,2021-10-23,41636233,38172423
E92000001,England,nation,2021-10-22,41604013,38144896
E92000001,England,nation,2021-10-21,41562281,38122473
E92000001,England,nation,2021-10-20,41517723,38100446
E92000001,England,nation,2021-10-19,41473202,38078745
E92000001,England,nation,2021-10-18,41434669,38057604
E92000001,England,nation,2021-10-17,41399335,38036936
E92000001,England,nation,2021-10-16,41389496,38022391
E92000001,England,nation,2021-10-15,41369761,37991951
E92000001,England,nation,2021-10-14,41333877,37966571
E92000001,England,nation,2021-10-13,41295692,37943082
E92000001,England,nation,2021-10-12,41263377,37918254
E92000001,England,nation,2021-10-11,41232741,37895807
E92000001,England,nation,2021-10-10,41209509,37875457
E92000001,England,nation,2021-10-09,41200398,37859814
E92000001,England,nation,2021-10-08,41181960,37830063
E92000001,England,nation,2021-10-07,41156424,37805057
E92000001,England,nation,2021-10-06,41131105,37780849
E92000001,England,nation,2021-10-05,41106586,37756714
E92000001,England,nation,2021-10-04,41071393,37732461
E92000001,England,nation,2021-10-03,41040609,37707715
E92000001,England,nation,2021-10-02,41029889,37690213
E92000001,England,nation,2021-10-01,41011153,37659364
E92000001,England,nation,2021-09-30,40979175,37629371
E92000001,England,nation,2021-09-29,40950486,37599053
E92000001,England,nation,2021-09-28,40923041,37569146
E92000001,England,nation,2021-09-27,40894475,37539476
E92000001,England,nation,2021-09-26,40873771,37510886
E92000001,England,nation,2021-09-25,40864957,37489410
E92000001,England,nation,2021-09-24,40847350,37446361
E92000001,England,nation,2021-09-23,40825484,37406794
E92000001,England,nation,2021-09-22,40803896,37365066
E92000001,England,nation,2021-09-21,40785434,37325390
E92000001,England,nation,2021-09-20,40768510,37286142
E92000001,England,nation,2021-09-19,40752841,37244704
E92000001,England,nation,2021-09-18,40742497,37214246
E92000001,England,nation,2021-09-17,40720869,37148112
E92000001,England,nation,2021-09-16,40703518,37092855
E92000001,England,nation,2021-09-15,40684544,37033914
E92000001,England,nation,2021-09-14,40664424,36976818
E92000001,England,nation,2021-09-13,40646716,36920297
E92000001,England,nation,2021-09-12,40631205,36865490
E92000001,England,nation,2021-09-11,40619481,36822588
E92000001,England,nation,2021-09-10,40595556,36736520
E92000001,England,nation,2021-09-09,40573677,36657757
E92000001,England,nation,2021-09-08,40551671,36571165
E92000001,England,nation,2021-09-07,40531262,36495617
E92000001,England,nation,2021-09-06,40508396,36422613
E92000001,England,nation,2021-09-05,40490119,36352855
E92000001,England,nation,2021-09-04,40474227,36293590
E92000001,England,nation,2021-09-03,40440240,36177263
E92000001,England,nation,2021-09-02,40410626,36079141
E92000001,England,nation,2021-09-01,40376851,35975144
E92000001,England,nation,2021-08-31,40339022,35873058
E92000001,England,nation,2021-08-30,40304404,35768055
E92000001,England,nation,2021-08-29,40288874,35715918
E92000001,England,nation,2021-08-28,40268327,35651208
E92000001,England,nation,2021-08-27,40230336,35534625
E92000001,England,nation,2021-08-26,40191944,35419376
E92000001,England,nation,2021-08-25,40145779,35292109
E92000001,England,nation,2021-08-24,40088216,35149802
E92000001,England,nation,2021-08-23,40042271,35040581
E92000001,England,nation,2021-08-22,40004297,34927576
E92000001,England,nation,2021-08-21,39971873,34831330
E92000001,England,nation,2021-08-20,39910686,34657292
E92000001,England,nation,2021-08-19,39859148,34511819
E92000001,England,nation,2021-08-18,39811516,34357933
E92000001,England,nation,2021-08-17,39771795,34210364
E92000001,England,nation,2021-08-16,39738317,34089456
E92000001,England,nation,2021-08-15,39709325,33971458
E92000001,England,nation,2021-08-14,39684496,33869577
E92000001,England,nation,2021-08-13,39645073,33695859
E92000001,England,nation,2021-08-12,39612597,33552169
E92000001,England,nation,2021-08-11,39577515,33386744
E92000001,England,nation,2021-08-10,39544351,33240790
E92000001,England,nation,2021-08-09,39516037,33117069
E92000001,England,nation,2021-08-08,39495104,33004783
E92000001,England,nation,2021-08-07,39476497,32910451
E92000001,England,nation,2021-08-06,39443338,32725582
E92000001,England,nation,2021-08-05,39416306,32588410
E92000001,England,nation,2021-08-04,39385320,32444987
E92000001,England,nation,2021-08-03,39356540,32313406
E92000001,England,nation,2021-08-02,39331666,32204802
E92000001,England,nation,2021-08-01,39309212,32110377
E92000001,England,nation,2021-07-31,39290667,32017961
E92000001,England,nation,2021-07-30,39257775,31835136
E92000001,England,nation,2021-07-29,39227092,31692421
E92000001,England,nation,2021-07-28,39191341,31546949
E92000001,England,nation,2021-07-27,39158849,31415901
E92000001,England,nation,2021-07-26,39129667,31297573
E92000001,England,nation,2021-07-25,39104447,31181649
E92000001,England,nation,2021-07-24,39084065,31087214
E92000001,England,nation,2021-07-23,39045107,30909329
E92000001,England,nation,2021-07-22,39007219,30754568
E92000001,England,nation,2021-07-21,38967762,30598323
E92000001,England,nation,2021-07-20,38928936,30452042
E92000001,England,nation,2021-07-19,38895279,30325879
E92000001,England,nation,2021-07-18,38863810,30213335
E92000001,England,nation,2021-07-17,38836156,30107863
E92000001,England,nation,2021-07-16,38776888,29911441
E92000001,England,nation,2021-07-15,38726641,29747505
E92000001,England,nation,2021-07-14,38674148,29580353
E92000001,England,nation,2021-07-13,38624143,29429018
E92000001,England,nation,2021-07-12,38574387,29304113
E92000001,England,nation,2021-07-11,38529203,29204296
E92000001,England,nation,2021-07-10,38495266,29123541
E92000001,England,nation,2021-07-09,38413116,28948796
E92000001,England,nation,2021-07-08,38335161,28805193
E92000001,England,nation,2021-07-07,38252354,28669736
E92000001,England,nation,2021-07-06,38179540,28541510
E92000001,England,nation,2021-07-05,38108016,28432362
E92000001,England,nation,2021-07-04,38044157,28324385
E92000001,England,nation,2021-07-03,37981485,28238637
E92000001,England,nation,2021-07-02,37859897,28072972
E92000001,England,nation,2021-07-01,37751938,27930697
E92000001,England,nation,2021-06-30,37618263,27776520
E92000001,England,nation,2021-06-29,37497766,27637527
E92000001,England,nation,2021-06-28,37382390,27522043
E92000001,England,nation,2021-06-27,37275894,27414725
E92000001,England,nation,2021-06-26,37157528,27316732
E92000001,England,nation,2021-06-25,36944843,27144408
E92000001,England,nation,2021-06-24,36767328,27011033
E92000001,England,nation,2021-06-23,36564938,26874354
E92000001,England,nation,2021-06-22,36377425,26745666
E92000001,England,nation,2021-06-21,36101778,26534936
E92000001,England,nation,2021-06-20,36101778,26534936
E92000001,England,nation,2021-06-19,35959555,26456342
E92000001,England,nation,2021-06-18,35704162,26260696
E92000001,England,nation,2021-06-17,35507916,26098666
E92000001,England,nation,2021-06-16,35290759,25922508
E92000001,England,nation,2021-06-15,35120392,25741881
E92000001,England,nation,2021-06-14,34965745,25566178
E92000001,England,nation,2021-06-13,34851139,25391916
E92000001,England,nation,2021-06-12,34727273,25238467
E92000001,England,nation,2021-06-11,34499129,24961654
E92000001,England,nation,2021-06-10,34321990,24710013
E92000001,England,nation,2021-06-09,34148547,24461363
E92000001,England,nation,2021-06-08,33998814,24207450
E92000001,England,nation,2021-06-07,33889746,23954753
E92000001,England,nation,2021-06-06,33800107,23710646
E92000001,England,nation,2021-06-05,33700486,23493155
E92000001,England,nation,2021-06-04,33525485,23077511
E92000001,England,nation,2021-06-03,33375148,22755909
E92000001,England,nation,2021-06-02,33217813,22442383
E92000001,England,nation,2021-06-01,33085145,22153420
E92000001,England,nation,2021-05-31,33009444,21874135
E92000001,England,nation,2021-05-30,32938496,21719461
E92000001,England,nation,2021-05-29,32839283,21540037
E92000001,England,nation,2021-05-28,32683816,21158221
E92000001,England,nation,2021-05-27,32509194,20777366
E92000001,England,nation,2021-05-26,32285684,20403324
E92000001,England,nation,2021-05-25,32079373,20034770
E92000001,England,nation,2021-05-24,31922289,19707303
E92000001,England,nation,2021-05-23,31826805,19427631
E92000001,England,nation,2021-05-22,31725097,19207569
E92000001,England,nation,2021-05-21,31546846,18699556
E92000001,England,nation,2021-05-20,31354838,18328096
E92000001,England,nation,2021-05-19,31120020,17960954
E92000001,England,nation,2021-05-18,30884041,17651934
E92000001,England,nation,2021-05-17,30729420,17382651
E92000001,England,nation,2021-05-16,30643474,17172209
E92000001,England,nation,2021-05-15,30537954,17014522
E92000001,England,nation,2021-05-14,30331992,16660758
E92000001,England,nation,2021-05-13,30146933,16314333
E92000001,England,nation,2021-05-12,29973113,15935683
E92000001,England,nation,2021-05-11,29826179,15533159
E92000001,England,nation,2021-05-10,29727664,15224244
E92000001,England,nation,2021-05-09,29651554,15031521
E92000001,England,nation,2021-05-08,29578216,14871208
E92000001,England,nation,2021-05-07,29441213,14466698
E92000001,England,nation,2021-05-06,29333695,14051967
E92000001,England,nation,2021-05-05,29232101,13632735
E92000001,England,nation,2021-05-04,29124310,13284182
E92000001,England,nation,2021-05-03,29025049,13072543
E92000001,England,nation,2021-05-02,28965936,12972758
E92000001,England,nation,2021-05-01,28895159,12835358
E92000001,England,nation,2021-04-30,28771540,12506188
E92000001,England,nation,2021-04-29,28656174,12144430
E92000001,England,nation,2021-04-28,28545198,11749387
E92000001,England,nation,2021-04-27,28441846,11355235
E92000001,England,nation,2021-04-26,28356779,11041619
E92000001,England,nation,2021-04-25,28289296,10791851
E92000001,England,nation,2021-04-24,28227710,10564692
E92000001,England,nation,2021-04-23,28102852,10086684
E92000001,England,nation,2021-04-22,27995196,9692540
E92000001,England,nation,2021-04-21,27891208,9346865
E92000001,England,nation,2021-04-20,27798505,9007092
E92000001,England,nation,2021-04-19,27713634,8734163
E92000001,England,nation,2021-04-18,27628579,8518498
E92000001,England,nation,2021-04-17,27559381,8322627
E92000001,England,nation,2021-04-16,27447286,7863747
E92000001,England,nation,2021-04-15,27345006,7417722
E92000001,England,nation,2021-04-14,27251419,7054720
E92000001,England,nation,2021-04-13,27172302,6762337
E92000001,England,nation,2021-04-12,27132941,6504605
E92000001,England,nation,2021-04-11,27107590,6338332
E92000001,England,nation,2021-04-10,27070991,6177878
E92000001,England,nation,2021-04-09,26996936,5740436
E92000001,England,nation,2021-04-08,26934662,5336230
E92000001,England,nation,2021-04-07,26879123,4933018
E92000001,England,nation,2021-04-06,26820161,4560777
E92000001,England,nation,2021-04-05,26765865,4398311
E92000001,England,nation,2021-04-04,26746039,4344251
E92000001,England,nation,2021-04-03,26719422,4304760
E92000001,England,nation,2021-04-02,26644910,4146857
E92000001,England,nation,2021-04-01,26576629,3931103
E92000001,England,nation,2021-03-31,26454219,3519105
E92000001,England,nation,2021-03-30,26266174,3177357
E92000001,England,nation,2021-03-29,26090111,2943529
E92000001,England,nation,2021-03-28,25903782,2806124
E92000001,England,nation,2021-03-27,25651406,2679046
E92000001,England,nation,2021-03-26,25284013,2477711
E92000001,England,nation,2021-03-25,24940005,2226749
E92000001,England,nation,2021-03-24,24681955,2028543
E92000001,England,nation,2021-03-23,24406074,1820530
E92000001,England,nation,2021-03-22,24137423,1685983
E92000001,England,nation,2021-03-21,23854862,1621547
E92000001,England,nation,2021-03-20,23559503,1591129
E92000001,England,nation,2021-03-19,22873079,1520680
E92000001,England,nation,2021-03-18,22337590,1419950
E92000001,England,nation,2021-03-17,21886125,1315341
E92000001,England,nation,2021-03-16,21493356,1224435
E92000001,England,nation,2021-03-15,21122514,1161526
E92000001,England,nation,2021-03-14,20791838,1129444
E92000001,England,nation,2021-03-13,20568821,1115066
E92000001,England,nation,2021-03-12,20111189,1076426
E92000001,England,nation,2021-03-11,19798473,1008912
E92000001,England,nation,2021-03-10,19587080,939232
E92000001,England,nation,2021-03-09,19380360,868272
E92000001,England,nation,2021-03-08,19199233,821121
E92000001,England,nation,2021-03-07,19015497,797321
E92000001,England,nation,2021-03-06,18875389,788188
E92000001,England,nation,2021-03-05,18491771,766500
E92000001,England,nation,2021-03-04,18106090,729265
E92000001,England,nation,2021-03-03,17785702,684220
E92000001,England,nation,2021-03-02,17554700,640219
E92000001,England,nation,2021-03-01,17373384,612567
E92000001,England,nation,2021-02-28,17212804,599935
E92000001,England,nation,2021-02-27,17051245,590547
E92000001,England,nation,2021-02-26,16679881,574963
E92000001,England,nation,2021-02-25,16227104,558737
E92000001,England,nation,2021-02-24,15794992,542569
E92000001,England,nation,2021-02-23,15398055,528360
E92000001,England,nation,2021-02-22,15113158,518779
E92000001,England,nation,2021-02-21,14958074,513435
E92000001,England,nation,2021-02-20,14844087,511089
E92000001,England,nation,2021-02-19,14537978,508657
E92000001,England,nation,2021-02-18,14214176,504762
E92000001,England,nation,2021-02-17,13817914,500201
E92000001,England,nation,2021-02-16,13395338,495704
E92000001,England,nation,2021-02-15,13082669,492576
E92000001,England,nation,2021-02-14,12862909,490722
E92000001,England,nation,2021-02-13,12675663,489885
E92000001,England,nation,2021-02-12,12246166,487699
E92000001,England,nation,2021-02-11,11809241,483966
E92000001,England,nation,2021-02-10,11422507,479320
E92000001,England,nation,2021-02-09,11083652,475228
E92000001,England,nation,2021-02-08,10771998,473055
E92000001,England,nation,2021-02-07,10519729,471636
E92000001,England,nation,2021-02-06,10290215,471324
E92000001,England,nation,2021-02-05,9831897,470723
E92000001,England,nation,2021-02-04,9430261,468782
E92000001,England,nation,2021-02-03,9041835,466171
E92000001,England,nation,2021-02-02,8663041,463889
E92000001,England,nation,2021-02-01,8362868,462503
E92000001,England,nation,2021-01-31,8082355,460907
E92000001,England,nation,2021-01-30,7792996,458150
E92000001,England,nation,2021-01-29,7253305,447898
E92000001,England,nation,2021-01-28,6816945,446372
E92000001,England,nation,2021-01-27,6473752,445101
E92000001,England,nation,2021-01-26,6221850,444011
E92000001,England,nation,2021-01-25,5962544,443010
E92000001,England,nation,2021-01-24,5727693,441684
E92000001,England,nation,2021-01-23,5529101,441074
E92000001,England,nation,2021-01-22,5085771,440300
E92000001,England,nation,2021-01-21,4661293,439182
E92000001,England,nation,2021-01-20,4303730,436848
E92000001,England,nation,2021-01-19,3985579,434125
E92000001,England,nation,2021-01-18,3687206,431136
E92000001,England,nation,2021-01-17,3520056,427386
E92000001,England,nation,2021-01-16,3365492,426102
E92000001,England,nation,2021-01-15,3090058,424327
E92000001,England,nation,2021-01-14,2769164,420510
E92000001,England,nation,2021-01-13,2494371,415656
E92000001,England,nation,2021-01-12,2254556,407294
E92000001,England,nation,2021-01-11,2080280,393925
E92000001,England,nation,2021-01-10,1959151,374613
N92000002,Northern Ireland,nation,2021-10-26,1323733,1240821
N92000002,Northern Ireland,nation,2021-10-25,1322277,1239986
N92000002,Northern Ireland,nation,2021-10-24,1321327,1239213
N92000002,Northern Ireland,nation,2021-10-23,1320807,1238606
N92000002,Northern Ireland,nation,2021-10-22,1320056,1238076
N92000002,Northern Ireland,nation,2021-10-21,1319509,1237115
N92000002,Northern Ireland,nation,2021-10-20,1319098,1235242
N92000002,Northern Ireland,nation,2021-10-19,1318733,1233927
N92000002,Northern Ireland,nation,2021-10-18,1317991,1225250
N92000002,Northern Ireland,nation,2021-10-17,1317506,1224810
N92000002,Northern Ireland,nation,2021-10-16,1317336,1224459
N92000002,Northern Ireland,nation,2021-10-15,1317277,1223799
N92000002,Northern Ireland,nation,2021-10-14,1317005,1223097
N92000002,Northern Ireland,nation,2021-10-13,1316528,1221785
N92000002,Northern Ireland,nation,2021-10-12,1316225,1221045
N92000002,Northern Ireland,nation,2021-10-11,1315825,1219960
N92000002,Northern Ireland,nation,2021-10-10,1315593,1219098
N92000002,Northern Ireland,nation,2021-10-09,1315513,1218509
N92000002,Northern Ireland,nation,2021-10-08,1315458,1217565
N92000002,Northern Ireland,nation,2021-10-07,1315167,1216564
N92000002,Northern Ireland,nation,2021-10-06,1314779,1215311
N92000002,Northern Ireland,nation,2021-10-05,1314491,1214464
N92000002,Northern Ireland,nation,2021-10-04,1314284,1213124
N92000002,Northern Ireland,nation,2021-10-03,1313979,1211686
N92000002,Northern Ireland,nation,2021-10-02,1313809,1210458
N92000002,Northern Ireland,nation,2021-10-01,1313692,1209561
N92000002,Northern Ireland,nation,2021-09-30,1313395,1208665
N92000002,Northern Ireland,nation,2021-09-29,1312618,1207801
N92000002,Northern Ireland,nation,2021-09-28,1311852,1206919
N92000002,Northern Ireland,nation,2021-09-27,1311183,1206162
N92000002,Northern Ireland,nation,2021-09-26,1310435,1205042
N92000002,Northern Ireland,nation,2021-09-25,1309914,1204438
N92000002,Northern Ireland,nation,2021-09-24,1309240,1204006
N92000002,Northern Ireland,nation,2021-09-23,1308437,1203664
N92000002,Northern Ireland,nation,2021-09-22,1307566,1203117
N92000002,Northern Ireland,nation,2021-09-21,1306822,1202311
N92000002,Northern Ireland,nation,2021-09-20,1306326,1201657
N92000002,Northern Ireland,nation,2021-09-19,1305556,1201074
N92000002,Northern Ireland,nation,2021-09-18,1304999,1200606
N92000002,Northern Ireland,nation,2021-09-17,1304565,1200436
N92000002,Northern Ireland,nation,2021-09-16,1303889,1199906
N92000002,Northern Ireland,nation,2021-09-15,1302069,1199165
N92000002,Northern Ireland,nation,2021-09-14,1300383,1198596
N92000002,Northern Ireland,nation,2021-09-13,1298956,1197505
N92000002,Northern Ireland,nation,2021-09-12,1297882,1196000
N92000002,Northern Ireland,nation,2021-09-11,1297228,1194869
N92000002,Northern Ireland,nation,2021-09-10,1296830,1192643
N92000002,Northern Ireland,nation,2021-09-09,1296071,1188527
N92000002,Northern Ireland,nation,2021-09-08,1294896,1184987
N92000002,Northern Ireland,nation,2021-09-07,1293709,1181487
N92000002,Northern Ireland,nation,2021-09-06,1292837,1177318
N92000002,Northern Ireland,nation,2021-09-05,1291944,1174021
N92000002,Northern Ireland,nation,2021-09-04,1291010,1171130
N92000002,Northern Ireland,nation,2021-09-03,1290060,1169483
N92000002,Northern Ireland,nation,2021-09-02,1288682,1167574
N92000002,Northern Ireland,nation,2021-09-01,1287633,1165322
N92000002,Northern Ireland,nation,2021-08-31,1286025,1163562
N92000002,Northern Ireland,nation,2021-08-30,1284443,1161433
N92000002,Northern Ireland,nation,2021-08-29,1283099,1159756
N92000002,Northern Ireland,nation,2021-08-28,1282410,1158349
N92000002,Northern Ireland,nation,2021-08-27,1281246,1157174
N92000002,Northern Ireland,nation,2021-08-26,1279093,1155558
N92000002,Northern Ireland,nation,2021-08-25,1275554,1153122
N92000002,Northern Ireland,nation,2021-08-24,1272071,1150123
N92000002,Northern Ireland,nation,2021-08-23,1270066,1147741
N92000002,Northern Ireland,nation,2021-08-22,1268173,1146016
N92000002,Northern Ireland,nation,2021-08-21,1264515,1143706
N92000002,Northern Ireland,nation,2021-08-20,1260373,1140923
N92000002,Northern Ireland,nation,2021-08-19,1258640,1136902
N92000002,Northern Ireland,nation,2021-08-18,1256779,1132946
N92000002,Northern Ireland,nation,2021-08-17,1255312,1129084
N92000002,Northern Ireland,nation,2021-08-16,1252746,1123936
N92000002,Northern Ireland,nation,2021-08-15,1251182,1120187
N92000002,Northern Ireland,nation,2021-08-14,1249579,1116681
N92000002,Northern Ireland,nation,2021-08-13,1248417,1113944
N92000002,Northern Ireland,nation,2021-08-12,1246907,1109693
N92000002,Northern Ireland,nation,2021-08-11,1244812,1104905
N92000002,Northern Ireland,nation,2021-08-10,1243125,1100236
N92000002,Northern Ireland,nation,2021-08-09,1240811,1094987
N92000002,Northern Ireland,nation,2021-08-08,1233437,1089222
N92000002,Northern Ireland,nation,2021-08-07,1232450,1084263
N92000002,Northern Ireland,nation,2021-08-06,1231106,1079825
N92000002,Northern Ireland,nation,2021-08-05,1224675,1073342
N92000002,Northern Ireland,nation,2021-08-04,1223303,1068860
N92000002,Northern Ireland,nation,2021-08-03,1221743,1062797
N92000002,Northern Ireland,nation,2021-08-02,1220430,1056278
N92000002,Northern Ireland,nation,2021-08-01,1219389,1048595
N92000002,Northern Ireland,nation,2021-07-31,1218732,1043909
N92000002,Northern Ireland,nation,2021-07-30,1215254,1040265
N92000002,Northern Ireland,nation,2021-07-29,1212236,1036362
N92000002,Northern Ireland,nation,2021-07-28,1209145,1030507
N92000002,Northern Ireland,nation,2021-07-27,1201462,1022646
N92000002,Northern Ireland,nation,2021-07-26,1198692,1016691
N92000002,Northern Ireland,nation,2021-07-25,1196995,1011471
N92000002,Northern Ireland,nation,2021-07-24,1195271,1008906
N92000002,Northern Ireland,nation,2021-07-23,1193854,1006725
N92000002,Northern Ireland,nation,2021-07-22,1192181,1003634
N92000002,Northern Ireland,nation,2021-07-21,1191038,1001669
N92000002,Northern Ireland,nation,2021-07-20,1188669,995493
N92000002,Northern Ireland,nation,2021-07-19,1187005,988658
N92000002,Northern Ireland,nation,2021-07-18,1185869,982562
N92000002,Northern Ireland,nation,2021-07-17,1202031,978587
N92000002,Northern Ireland,nation,2021-07-16,1201048,973998
N92000002,Northern Ireland,nation,2021-07-15,1189863,963532
N92000002,Northern Ireland,nation,2021-07-14,1188563,957236
N92000002,Northern Ireland,nation,2021-07-13,1187446,950145
N92000002,Northern Ireland,nation,2021-07-12,1186295,943778
N92000002,Northern Ireland,nation,2021-07-11,1185689,942014
N92000002,Northern Ireland,nation,2021-07-10,1184485,938477
N92000002,Northern Ireland,nation,2021-07-09,1182772,932963
N92000002,Northern Ireland,nation,2021-07-08,1181008,926855
N92000002,Northern Ireland,nation,2021-07-07,1179096,920078
N92000002,Northern Ireland,nation,2021-07-06,1177136,912250
N92000002,Northern Ireland,nation,2021-07-05,1175151,904607
N92000002,Northern Ireland,nation,2021-07-04,1173365,897209
N92000002,Northern Ireland,nation,2021-07-03,1171653,890335
N92000002,Northern Ireland,nation,2021-07-02,1170556,883864
N92000002,Northern Ireland,nation,2021-07-01,1168739,877402
N92000002,Northern Ireland,nation,2021-06-30,1166842,871216
N92000002,Northern Ireland,nation,2021-06-29,1164792,862932
N92000002,Northern Ireland,nation,2021-06-28,1162455,855736
N92000002,Northern Ireland,nation,2021-06-27,1160024,850004
N92000002,Northern Ireland,nation,2021-06-26,1157491,845626
N92000002,Northern Ireland,nation,2021-06-25,1155288,841666
N92000002,Northern Ireland,nation,2021-06-24,1152720,836164
N92000002,Northern Ireland,nation,2021-06-23,1150202,830506
N92000002,Northern Ireland,nation,2021-06-22,1147153,823908
N92000002,Northern Ireland,nation,2021-06-21,1143223,817178
N92000002,Northern Ireland,nation,2021-06-20,1140838,810405
N92000002,Northern Ireland,nation,2021-06-19,1137778,803384
N92000002,Northern Ireland,nation,2021-06-18,1135308,797394
N92000002,Northern Ireland,nation,2021-06-17,1132546,790071
N92000002,Northern Ireland,nation,2021-06-16,1128670,782569
N92000002,Northern Ireland,nation,2021-06-15,1126677,772933
N92000002,Northern Ireland,nation,2021-06-14,1115747,762424
N92000002,Northern Ireland,nation,2021-06-13,1113591,750356
N92000002,Northern Ireland,nation,2021-06-12,1113591,750356
N92000002,Northern Ireland,nation,2021-06-11,1113159,749820
N92000002,Northern Ireland,nation,2021-06-10,1105767,743402
N92000002,Northern Ireland,nation,2021-06-09,1101629,736190
N92000002,Northern Ireland,nation,2021-06-08,1098614,728000
N92000002,Northern Ireland,nation,2021-06-07,1094478,719800
N92000002,Northern Ireland,nation,2021-06-06,1090693,710121
N92000002,Northern Ireland,nation,2021-06-05,1087136,703582
N92000002,Northern Ireland,nation,2021-06-04,1083278,699318
N92000002,Northern Ireland,nation,2021-06-03,1078917,692206
N92000002,Northern Ireland,nation,2021-06-02,1073775,684398
N92000002,Northern Ireland,nation,2021-06-01,1061550,675575
N92000002,Northern Ireland,nation,2021-05-31,1053150,666957
N92000002,Northern Ireland,nation,2021-05-30,1048350,661490
N92000002,Northern Ireland,nation,2021-05-29,1044147,658157
N92000002,Northern Ireland,nation,2021-05-28,1040697,654624
N92000002,Northern Ireland,nation,2021-05-27,1037892,648518
N92000002,Northern Ireland,nation,2021-05-26,1034143,639883
N92000002,Northern Ireland,nation,2021-05-25,1030811,630170
N92000002,Northern Ireland,nation,2021-05-24,1026443,620764
N92000002,Northern Ireland,nation,2021-05-23,1022025,612064
N92000002,Northern Ireland,nation,2021-05-22,1017941,606212
N92000002,Northern Ireland,nation,2021-05-21,1014048,602303
N92000002,Northern Ireland,nation,2021-05-20,1011836,592965
N92000002,Northern Ireland,nation,2021-05-19,1008589,583977
N92000002,Northern Ireland,nation,2021-05-18,1004070,575059
N92000002,Northern Ireland,nation,2021-05-17,1000928,567117
N92000002,Northern Ireland,nation,2021-05-16,997605,559227
N92000002,Northern Ireland,nation,2021-05-15,995905,552431
N92000002,Northern Ireland,nation,2021-05-14,994753,546275
N92000002,Northern Ireland,nation,2021-05-13,992682,537343
N92000002,Northern Ireland,nation,2021-05-12,989569,526191
N92000002,Northern Ireland,nation,2021-05-11,986008,515015
N92000002,Northern Ireland,nation,2021-05-10,982038,503087
N92000002,Northern Ireland,nation,2021-05-09,976582,493553
N92000002,Northern Ireland,nation,2021-05-08,972597,487828
N92000002,Northern Ireland,nation,2021-05-07,968386,481897
N92000002,Northern Ireland,nation,2021-05-06,963315,473502
N92000002,Northern Ireland,nation,2021-05-05,957063,459763
N92000002,Northern Ireland,nation,2021-05-04,950778,446309
N92000002,Northern Ireland,nation,2021-05-03,944694,436887
N92000002,Northern Ireland,nation,2021-05-02,943022,431873
N92000002,Northern Ireland,nation,2021-05-01,937782,426876
N92000002,Northern Ireland,nation,2021-04-30,932426,422234
N92000002,Northern Ireland,nation,2021-04-29,927326,417537
N92000002,Northern Ireland,nation,2021-04-28,935589,377302
N92000002,Northern Ireland,nation,2021-04-27,927656,367469
N92000002,Northern Ireland,nation,2021-04-26,919292,356403
N92000002,Northern Ireland,nation,2021-04-25,912444,347034
N92000002,Northern Ireland,nation,2021-04-24,905736,342195
N92000002,Northern Ireland,nation,2021-04-23,898858,338409
N92000002,Northern Ireland,nation,2021-04-22,892787,328366
N92000002,Northern Ireland,nation,2021-04-21,883813,311850
N92000002,Northern Ireland,nation,2021-04-20,876290,298557
N92000002,Northern Ireland,nation,2021-04-19,869342,283478
N92000002,Northern Ireland,nation,2021-04-18,863712,273619
N92000002,Northern Ireland,nation,2021-04-17,860313,268341
N92000002,Northern Ireland,nation,2021-04-16,855826,262917
N92000002,Northern Ireland,nation,2021-04-15,850103,250474
N92000002,Northern Ireland,nation,2021-04-14,844284,237281
N92000002,Northern Ireland,nation,2021-04-13,838049,224129
N92000002,Northern Ireland,nation,2021-04-12,831895,210470
N92000002,Northern Ireland,nation,2021-04-11,826412,199500
N92000002,Northern Ireland,nation,2021-04-10,820032,194610
N92000002,Northern Ireland,nation,2021-04-09,813468,189697
N92000002,Northern Ireland,nation,2021-04-08,806005,181814
N92000002,Northern Ireland,nation,2021-04-07,799410,173772
N92000002,Northern Ireland,nation,2021-04-06,790860,167923
N92000002,Northern Ireland,nation,2021-04-05,785494,165374
N92000002,Northern Ireland,nation,2021-04-04,779932,163818
N92000002,Northern Ireland,nation,2021-04-03,777108,162483
N92000002,Northern Ireland,nation,2021-04-02,772240,160262
N92000002,Northern Ireland,nation,2021-04-01,765005,153454
N92000002,Northern Ireland,nation,2021-03-31,756013,145753
N92000002,Northern Ireland,nation,2021-03-30,749112,138486
N92000002,Northern Ireland,nation,2021-03-29,740729,132022
N92000002,Northern Ireland,nation,2021-03-28,730471,125017
N92000002,Northern Ireland,nation,2021-03-27,726589,123452
N92000002,Northern Ireland,nation,2021-03-26,719260,120349
N92000002,Northern Ireland,nation,2021-03-25,711673,113637
N92000002,Northern Ireland,nation,2021-03-24,703334,104907
N92000002,Northern Ireland,nation,2021-03-23,694863,96254
N92000002,Northern Ireland,nation,2021-03-22,687528,88683
N92000002,Northern Ireland,nation,2021-03-21,687528,88683
N92000002,Northern Ireland,nation,2021-03-20,667758,78496
N92000002,Northern Ireland,nation,2021-03-19,662973,75313
N92000002,Northern Ireland,nation,2021-03-18,655581,70709
N92000002,Northern Ireland,nation,2021-03-17,646190,67202
N92000002,Northern Ireland,nation,2021-03-16,640801,63946
N92000002,Northern Ireland,nation,2021-03-15,634019,58245
N92000002,Northern Ireland,nation,2021-03-14,629461,54636
N92000002,Northern Ireland,nation,2021-03-13,625195,52407
N92000002,Northern Ireland,nation,2021-03-12,621462,50052
N92000002,Northern Ireland,nation,2021-03-11,614629,49400
N92000002,Northern Ireland,nation,2021-03-10,606695,48948
N92000002,Northern Ireland,nation,2021-03-09,601101,46927
N92000002,Northern Ireland,nation,2021-03-08,596527,44594
N92000002,Northern Ireland,nation,2021-03-07,588803,42851
N92000002,Northern Ireland,nation,2021-03-06,582914,42230
N92000002,Northern Ireland,nation,2021-03-05,577219,42096
N92000002,Northern Ireland,nation,2021-03-04,568011,41787
N92000002,Northern Ireland,nation,2021-03-03,556721,40139
N92000002,Northern Ireland,nation,2021-03-02,545019,37862
N92000002,Northern Ireland,nation,2021-03-01,537389,35370
N92000002,Northern Ireland,nation,2021-02-28,525400,33197
N92000002,Northern Ireland,nation,2021-02-27,520996,32665
N92000002,Northern Ireland,nation,2021-02-26,515678,32616
N92000002,Northern Ireland,nation,2021-02-25,505188,31898
N92000002,Northern Ireland,nation,2021-02-24,491593,31637
N92000002,Northern Ireland,nation,2021-02-23,478235,31345
N92000002,Northern Ireland,nation,2021-02-22,468129,31077
N92000002,Northern Ireland,nation,2021-02-21,458030,30796
N92000002,Northern Ireland,nation,2021-02-20,446009,30807
N92000002,Northern Ireland,nation,2021-02-19,442917,30753
N92000002,Northern Ireland,nation,2021-02-18,436143,30381
N92000002,Northern Ireland,nation,2021-02-17,427569,30012
N92000002,Northern Ireland,nation,2021-02-16,418209,29476
N92000002,Northern Ireland,nation,2021-02-15,409507,29201
N92000002,Northern Ireland,nation,2021-02-14,397243,29005
N92000002,Northern Ireland,nation,2021-02-13,391101,28976
N92000002,Northern Ireland,nation,2021-02-12,387771,28937
N92000002,Northern Ireland,nation,2021-02-11,373414,28552
N92000002,Northern Ireland,nation,2021-02-10,353757,28137
N92000002,Northern Ireland,nation,2021-02-09,333658,27772
N92000002,Northern Ireland,nation,2021-02-08,317606,27589
N92000002,Northern Ireland,nation,2021-02-07,303478,27463
N92000002,Northern Ireland,nation,2021-02-06,295915,27207
N92000002,Northern Ireland,nation,2021-02-05,289889,26531
N92000002,Northern Ireland,nation,2021-02-04,275232,26047
N92000002,Northern Ireland,nation,2021-02-03,263735,25539
N92000002,Northern Ireland,nation,2021-02-02,246671,25155
N92000002,Northern Ireland,nation,2021-02-01,233429,24882
N92000002,Northern Ireland,nation,2021-01-31,221809,24612
N92000002,Northern Ireland,nation,2021-01-30,214601,24323
N92000002,Northern Ireland,nation,2021-01-29,204065,24146
N92000002,Northern Ireland,nation,2021-01-28,196131,24070
N92000002,Northern Ireland,nation,2021-01-27,175284,23927
N92000002,Northern Ireland,nation,2021-01-26,168140,22910
N92000002,Northern Ireland,nation,2021-01-25,163317,22795
N92000002,Northern Ireland,nation,2021-01-24,159642,22713
N92000002,Northern Ireland,nation,2021-01-23,155644,22687
N92000002,Northern Ireland,nation,2021-01-22,154366,22660
N92000002,Northern Ireland,nation,2021-01-21,151039,22510
N92000002,Northern Ireland,nation,2021-01-20,144212,22326
N92000002,Northern Ireland,nation,2021-01-19,138436,21960
N92000002,Northern Ireland,nation,2021-01-18,132857,21579
N92000002,Northern Ireland,nation,2021-01-17,125717,21016
N92000002,Northern Ireland,nation,2021-01-16,120387,20174
N92000002,Northern Ireland,nation,2021-01-15,117906,19474
N92000002,Northern Ireland,nation,2021-01-14,114567,19264
N92000002,Northern Ireland,nation,2021-01-13,102701,19010
N92000002,Northern Ireland,nation,2021-01-12,91417,17840
N92000002,Northern Ireland,nation,2021-01-11,84187,15288
N92000002,Northern Ireland,nation,2021-01-10,78005,13949
S92000003,Scotland,nation,2021-10-26,4311339,3899153
S92000003,Scotland,nation,2021-10-25,4309932,3897133
S92000003,Scotland,nation,2021-10-24,4308371,3895239
S92000003,Scotland,nation,2021-10-23,4305582,3892224
S92000003,Scotland,nation,2021-10-22,4302382,3890477
S92000003,Scotland,nation,2021-10-21,4299649,3888408
S92000003,Scotland,nation,2021-10-20,4297028,3886176
S92000003,Scotland,nation,2021-10-19,4294116,3883886
S92000003,Scotland,nation,2021-10-18,4291650,3881744
S92000003,Scotland,nation,2021-10-17,4289119,3879942
S92000003,Scotland,nation,2021-10-16,4286044,3877849
S92000003,Scotland,nation,2021-10-15,4282132,3875966
S92000003,Scotland,nation,2021-10-14,4278937,3873790
S92000003,Scotland,nation,2021-10-13,4275208,3871406
S92000003,Scotland,nation,2021-10-12,4270126,3868656
S92000003,Scotland,nation,2021-10-11,4265755,3866372
S92000003,Scotland,nation,2021-10-10,4261124,3864670
S92000003,Scotland,nation,2021-10-09,4253765,3861899
S92000003,Scotland,nation,2021-10-08,4246101,3859839
S92000003,Scotland,nation,2021-10-07,4240984,3857442
S92000003,Scotland,nation,2021-10-06,4235075,3854847
S92000003,Scotland,nation,2021-10-05,4229178,3852067
S92000003,Scotland,nation,2021-10-04,4223719,3849656
S92000003,Scotland,nation,2021-10-03,4217940,3847118
S92000003,Scotland,nation,2021-10-02,4208546,3845180
S92000003,Scotland,nation,2021-10-01,4199724,3843000
S92000003,Scotland,nation,2021-09-30,4194212,3840251
S92000003,Scotland,nation,2021-09-29,4189701,3837689
S92000003,Scotland,nation,2021-09-28,4186743,3835013
S92000003,Scotland,nation,2021-09-27,4184574,3832498
S92000003,Scotland,nation,2021-09-26,4181617,3829881
S92000003,Scotland,nation,2021-09-25,4176832,3827110
S92000003,Scotland,nation,2021-09-24,4172573,3824074
S92000003,Scotland,nation,2021-09-23,4168278,3820182
S92000003,Scotland,nation,2021-09-22,4166056,3818428
S92000003,Scotland,nation,2021-09-21,4163235,3815907
S92000003,Scotland,nation,2021-09-20,4160835,3813547
S92000003,Scotland,nation,2021-09-19,4157613,3810775
S92000003,Scotland,nation,2021-09-18,4155048,3806980
S92000003,Scotland,nation,2021-09-17,4151735,3802183
S92000003,Scotland,nation,2021-09-16,4150157,3798938
S92000003,Scotland,nation,2021-09-15,4148734,3795897
S92000003,Scotland,nation,2021-09-14,4146847,3791597
S92000003,Scotland,nation,2021-09-13,4144904,3788551
S92000003,Scotland,nation,2021-09-12,4142783,3785214
S92000003,Scotland,nation,2021-09-11,4140616,3777461
S92000003,Scotland,nation,2021-09-10,4137710,3769320
S92000003,Scotland,nation,2021-09-09,4135329,3762367
S92000003,Scotland,nation,2021-09-08,4133606,3757337
S92000003,Scotland,nation,2021-09-07,4130841,3749767
S92000003,Scotland,nation,2021-09-06,4128998,3742826
S92000003,Scotland,nation,2021-09-05,4126263,3736762
S92000003,Scotland,nation,2021-09-04,4121962,3726769
S92000003,Scotland,nation,2021-09-03,4117147,3717587
S92000003,Scotland,nation,2021-09-02,4114552,3709328
S92000003,Scotland,nation,2021-09-01,4111513,3699250
S92000003,Scotland,nation,2021-08-31,4108804,3691066
S92000003,Scotland,nation,2021-08-30,4106408,3680761
S92000003,Scotland,nation,2021-08-29,4103687,3668041
S92000003,Scotland,nation,2021-08-28,4101311,3655287
S92000003,Scotland,nation,2021-08-27,4098078,3640865
S92000003,Scotland,nation,2021-08-26,4095463,3629482
S92000003,Scotland,nation,2021-08-25,4092295,3617687
S92000003,Scotland,nation,2021-08-24,4088894,3603429
S92000003,Scotland,nation,2021-08-23,4085552,3587145
S92000003,Scotland,nation,2021-08-22,4082698,3572042
S92000003,Scotland,nation,2021-08-21,4079496,3556947
S92000003,Scotland,nation,2021-08-20,4075555,3541708
S92000003,Scotland,nation,2021-08-19,4071537,3526754
S92000003,Scotland,nation,2021-08-18,4068806,3512673
S92000003,Scotland,nation,2021-08-17,4065970,3498257
S92000003,Scotland,nation,2021-08-16,4061687,3482188
S92000003,Scotland,nation,2021-08-15,4058482,3467817
S92000003,Scotland,nation,2021-08-14,4054842,3449901
S92000003,Scotland,nation,2021-08-13,4050011,3431062
S92000003,Scotland,nation,2021-08-12,4044950,3412051
S92000003,Scotland,nation,2021-08-11,4039226,3393900
S92000003,Scotland,nation,2021-08-10,4034420,3375524
S92000003,Scotland,nation,2021-08-09,4029479,3357803
S92000003,Scotland,nation,2021-08-08,4026827,3342056
S92000003,Scotland,nation,2021-08-07,4024852,3323466
S92000003,Scotland,nation,2021-08-06,4022914,3305325
S92000003,Scotland,nation,2021-08-05,4020712,3286153
S92000003,Scotland,nation,2021-08-04,4018503,3268887
S92000003,Scotland,nation,2021-08-03,4016326,3249622
S92000003,Scotland,nation,2021-08-02,4014212,3231331
S92000003,Scotland,nation,2021-08-01,4012496,3214801
S92000003,Scotland,nation,2021-07-31,4011060,3197899
S92000003,Scotland,nation,2021-07-30,4009611,3180160
S92000003,Scotland,nation,2021-07-29,4007577,3162662
S92000003,Scotland,nation,2021-07-28,4005421,3145017
S92000003,Scotland,nation,2021-07-27,4002903,3125690
S92000003,Scotland,nation,2021-07-26,4000658,3108928
S92000003,Scotland,nation,2021-07-25,3998627,3092102
S92000003,Scotland,nation,2021-07-24,3997105,3079492
S92000003,Scotland,nation,2021-07-23,3994883,3064441
S92000003,Scotland,nation,2021-07-22,3992327,3044803
S92000003,Scotland,nation,2021-07-21,3989927,3028271
S92000003,Scotland,nation,2021-07-20,3987074,3010505
S92000003,Scotland,nation,2021-07-19,3984433,2995086
S92000003,Scotland,nation,2021-07-18,3981950,2978746
S92000003,Scotland,nation,2021-07-17,3976022,2966054
S92000003,Scotland,nation,2021-07-16,3970026,2954776
S92000003,Scotland,nation,2021-07-15,3963502,2940202
S92000003,Scotland,nation,2021-07-14,3956549,2927130
S92000003,Scotland,nation,2021-07-13,3948446,2914904
S92000003,Scotland,nation,2021-07-12,3941571,2903557
S92000003,Scotland,nation,2021-07-11,3934408,2893271
S92000003,Scotland,nation,2021-07-10,3928409,2877326
S92000003,Scotland,nation,2021-07-09,3920145,2861110
S92000003,Scotland,nation,2021-07-08,3911189,2843938
S92000003,Scotland,nation,2021-07-07,3900864,2825886
S92000003,Scotland,nation,2021-07-06,3890176,2808902
S92000003,Scotland,nation,2021-07-05,3879458,2791071
S92000003,Scotland,nation,2021-07-04,3869223,2774136
S92000003,Scotland,nation,2021-07-03,3857584,2762156
S92000003,Scotland,nation,2021-07-02,3844371,2749373
S92000003,Scotland,nation,2021-07-01,3831770,2737347
S92000003,Scotland,nation,2021-06-30,3816251,2722725
S92000003,Scotland,nation,2021-06-29,3799467,2712237
S92000003,Scotland,nation,2021-06-28,3781887,2701195
S92000003,Scotland,nation,2021-06-27,3765379,2691775
S92000003,Scotland,nation,2021-06-26,3747510,2679357
S92000003,Scotland,nation,2021-06-25,3730101,2666827
S92000003,Scotland,nation,2021-06-24,3709801,2647397
S92000003,Scotland,nation,2021-06-23,3695303,2631533
S92000003,Scotland,nation,2021-06-22,3681620,2617450
S92000003,Scotland,nation,2021-06-21,3664571,2602753
S92000003,Scotland,nation,2021-06-20,3647437,2586970
S92000003,Scotland,nation,2021-06-19,3630589,2571637
S92000003,Scotland,nation,2021-06-18,3611266,2555308
S92000003,Scotland,nation,2021-06-17,3591638,2535803
S92000003,Scotland,nation,2021-06-16,3571726,2516066
S92000003,Scotland,nation,2021-06-15,3551739,2493358
S92000003,Scotland,nation,2021-06-14,3531461,2470181
S92000003,Scotland,nation,2021-06-13,3517668,2446834
S92000003,Scotland,nation,2021-06-12,3497287,2425825
S92000003,Scotland,nation,2021-06-11,3477378,2402700
S92000003,Scotland,nation,2021-06-10,3459063,2375246
S92000003,Scotland,nation,2021-06-09,3441217,2345181
S92000003,Scotland,nation,2021-06-08,3422431,2313695
S92000003,Scotland,nation,2021-06-07,3403866,2282203
S92000003,Scotland,nation,2021-06-06,3386321,2251259
S92000003,Scotland,nation,2021-06-05,3365779,2227493
S92000003,Scotland,nation,2021-06-04,3345842,2202547
S92000003,Scotland,nation,2021-06-03,3326005,2170570
S92000003,Scotland,nation,2021-06-02,3305812,2137618
S92000003,Scotland,nation,2021-06-01,3286261,2106177
S92000003,Scotland,nation,2021-05-31,3267290,2075231
S92000003,Scotland,nation,2021-05-30,3251138,2044253
S92000003,Scotland,nation,2021-05-29,3234311,2022728
S92000003,Scotland,nation,2021-05-28,3215770,1998409
S92000003,Scotland,nation,2021-05-27,3196051,1971006
S92000003,Scotland,nation,2021-05-26,3174807,1942285
S92000003,Scotland,nation,2021-05-25,3155733,1913809
S92000003,Scotland,nation,2021-05-24,3138366,1881214
S92000003,Scotland,nation,2021-05-23,3121945,1852179
S92000003,Scotland,nation,2021-05-22,3108819,1828930
S92000003,Scotland,nation,2021-05-21,3096341,1799956
S92000003,Scotland,nation,2021-05-20,3082251,1769040
S92000003,Scotland,nation,2021-05-19,3063648,1742072
S92000003,Scotland,nation,2021-05-18,3051383,1704388
S92000003,Scotland,nation,2021-05-17,3045152,1669469
S92000003,Scotland,nation,2021-05-16,3035790,1638536
S92000003,Scotland,nation,2021-05-15,3020335,1621031
S92000003,Scotland,nation,2021-05-14,3003339,1599519
S92000003,Scotland,nation,2021-05-13,2985557,1575765
S92000003,Scotland,nation,2021-05-12,2968169,1551339
S92000003,Scotland,nation,2021-05-11,2948604,1526889
S92000003,Scotland,nation,2021-05-10,2928963,1506613
S92000003,Scotland,nation,2021-05-09,2909156,1485296
S92000003,Scotland,nation,2021-05-08,2897975,1468296
S92000003,Scotland,nation,2021-05-07,2883384,1450798
S92000003,Scotland,nation,2021-05-06,2876633,1424208
S92000003,Scotland,nation,2021-05-05,2860635,1400296
S92000003,Scotland,nation,2021-05-04,2846834,1373882
S92000003,Scotland,nation,2021-05-03,2833761,1348050
S92000003,Scotland,nation,2021-05-02,2824955,1326599
S92000003,Scotland,nation,2021-05-01,2817752,1297664
S92000003,Scotland,nation,2021-04-30,2811343,1263862
S92000003,Scotland,nation,2021-04-29,2802152,1224861
S92000003,Scotland,nation,2021-04-28,2796810,1184629
S92000003,Scotland,nation,2021-04-27,2789978,1142947
S92000003,Scotland,nation,2021-04-26,2782162,1102690
S92000003,Scotland,nation,2021-04-25,2773770,1068704
S92000003,Scotland,nation,2021-04-24,2771159,1042386
S92000003,Scotland,nation,2021-04-23,2764607,993180
S92000003,Scotland,nation,2021-04-22,2758381,949228
S92000003,Scotland,nation,2021-04-21,2755175,898231
S92000003,Scotland,nation,2021-04-20,2752575,847655
S92000003,Scotland,nation,2021-04-19,2750052,797267
S92000003,Scotland,nation,2021-04-18,2747694,757115
S92000003,Scotland,nation,2021-04-17,2744231,738420
S92000003,Scotland,nation,2021-04-16,2733387,715714
S92000003,Scotland,nation,2021-04-15,2722084,688761
S92000003,Scotland,nation,2021-04-14,2708691,661975
S92000003,Scotland,nation,2021-04-13,2694971,634422
S92000003,Scotland,nation,2021-04-12,2682706,605126
S92000003,Scotland,nation,2021-04-11,2668723,590174
S92000003,Scotland,nation,2021-04-10,2657578,568875
S92000003,Scotland,nation,2021-04-09,2643524,551699
S92000003,Scotland,nation,2021-04-08,2625577,524812
S92000003,Scotland,nation,2021-04-07,2608831,500376
S92000003,Scotland,nation,2021-04-06,2593932,479239
S92000003,Scotland,nation,2021-04-05,2577816,463780
S92000003,Scotland,nation,2021-04-04,2565280,456374
S92000003,Scotland,nation,2021-04-03,2553837,451057
S92000003,Scotland,nation,2021-04-02,2535889,434941
S92000003,Scotland,nation,2021-04-01,2515748,414540
S92000003,Scotland,nation,2021-03-31,2493327,399062
S92000003,Scotland,nation,2021-03-30,2465541,372104
S92000003,Scotland,nation,2021-03-29,2437543,348635
S92000003,Scotland,nation,2021-03-28,2410281,331969
S92000003,Scotland,nation,2021-03-27,2386158,317217
S92000003,Scotland,nation,2021-03-26,2358807,294714
S92000003,Scotland,nation,2021-03-25,2322832,279814
S92000003,Scotland,nation,2021-03-24,2285711,263236
S92000003,Scotland,nation,2021-03-23,2249612,249252
S92000003,Scotland,nation,2021-03-22,2214672,235671
S92000003,Scotland,nation,2021-03-21,2182400,225096
S92000003,Scotland,nation,2021-03-20,2144940,220188
S92000003,Scotland,nation,2021-03-19,2110780,211272
S92000003,Scotland,nation,2021-03-18,2066460,201435
S92000003,Scotland,nation,2021-03-17,2023002,192100
S92000003,Scotland,nation,2021-03-16,1981818,181879
S92000003,Scotland,nation,2021-03-15,1943507,170892
S92000003,Scotland,nation,2021-03-14,1908991,161945
S92000003,Scotland,nation,2021-03-13,1888697,160038
S92000003,Scotland,nation,2021-03-12,1867123,156250
S92000003,Scotland,nation,2021-03-11,1844636,149409
S92000003,Scotland,nation,2021-03-10,1825800,141433
S92000003,Scotland,nation,2021-03-09,1809158,132760
S92000003,Scotland,nation,2021-03-08,1789377,123686
S92000003,Scotland,nation,2021-03-07,1774659,118732
S92000003,Scotland,nation,2021-03-06,1759750,115930
S92000003,Scotland,nation,2021-03-05,1743869,114081
S92000003,Scotland,nation,2021-03-04,1717672,108197
S92000003,Scotland,nation,2021-03-03,1688608,100058
S92000003,Scotland,nation,2021-03-02,1661879,92550
S92000003,Scotland,nation,2021-03-01,1634361,84445
S92000003,Scotland,nation,2021-02-28,1611578,78865
S92000003,Scotland,nation,2021-02-27,1593695,76512
S92000003,Scotland,nation,2021-02-26,1570153,72178
S92000003,Scotland,nation,2021-02-25,1542929,65340
S92000003,Scotland,nation,2021-02-24,1515980,56661
S92000003,Scotland,nation,2021-02-23,1488077,50121
S92000003,Scotland,nation,2021-02-22,1465241,43203
S92000003,Scotland,nation,2021-02-21,1445488,37342
S92000003,Scotland,nation,2021-02-20,1431942,35479
S92000003,Scotland,nation,2021-02-19,1412643,33473
S92000003,Scotland,nation,2021-02-18,1386152,29015
S92000003,Scotland,nation,2021-02-17,1354966,24169
S92000003,Scotland,nation,2021-02-16,1320074,20409
S92000003,Scotland,nation,2021-02-15,1288004,17137
S92000003,Scotland,nation,2021-02-14,1255190,14501
S92000003,Scotland,nation,2021-02-13,1223774,14281
S92000003,Scotland,nation,2021-02-12,1173445,14009
S92000003,Scotland,nation,2021-02-11,1113625,13566
S92000003,Scotland,nation,2021-02-10,1048747,13195
S92000003,Scotland,nation,2021-02-09,985569,12866
S92000003,Scotland,nation,2021-02-08,928122,12257
S92000003,Scotland,nation,2021-02-07,866823,10690
S92000003,Scotland,nation,2021-02-06,839266,10582
S92000003,Scotland,nation,2021-02-05,786427,10332
S92000003,Scotland,nation,2021-02-04,742512,9529
S92000003,Scotland,nation,2021-02-03,694347,9031
S92000003,Scotland,nation,2021-02-02,649262,8758
S92000003,Scotland,nation,2021-02-01,610778,8345
S92000003,Scotland,nation,2021-01-31,575897,7849
S92000003,Scotland,nation,2021-01-30,566269,7794
S92000003,Scotland,nation,2021-01-29,543370,7638
S92000003,Scotland,nation,2021-01-28,515855,7095
S92000003,Scotland,nation,2021-01-27,491658,6783
S92000003,Scotland,nation,2021-01-26,462092,6596
S92000003,Scotland,nation,2021-01-25,437900,6060
S92000003,Scotland,nation,2021-01-24,415402,5538
S92000003,Scotland,nation,2021-01-23,404038,5383
S92000003,Scotland,nation,2021-01-22,380667,5188
S92000003,Scotland,nation,2021-01-21,358454,4689
S92000003,Scotland,nation,2021-01-20,334871,4466
S92000003,Scotland,nation,2021-01-19,309909,4170
S92000003,Scotland,nation,2021-01-18,284582,3886
S92000003,Scotland,nation,2021-01-17,264991,3698
S92000003,Scotland,nation,2021-01-16,260140,3657
S92000003,Scotland,nation,2021-01-15,241924,3512
S92000003,Scotland,nation,2021-01-14,224840,3331
S92000003,Scotland,nation,2021-01-13,208207,3190
S92000003,Scotland,nation,2021-01-12,191965,2990
S92000003,Scotland,nation,2021-01-11,175942,2857
S92000003,Scotland,nation,2021-01-10,163377,2758
W92000004,Wales,nation,2021-10-26,2435396,2241637
W92000004,Wales,nation,2021-10-25,2432956,2240960
W92000004,Wales,nation,2021-10-24,2429690,2240432
W92000004,Wales,nation,2021-10-23,2426859,2240110
W92000004,Wales,nation,2021-10-22,2422938,2239671
W92000004,Wales,nation,2021-10-21,2421700,2238954
W92000004,Wales,nation,2021-10-20,2420558,2238258
W92000004,Wales,nation,2021-10-19,2419276,2237199
W92000004,Wales,nation,2021-10-18,2418115,2236392
W92000004,Wales,nation,2021-10-17,2416793,2235723
W92000004,Wales,nation,2021-10-16,2412040,2235447
W92000004,Wales,nation,2021-10-15,2406747,2234947
W92000004,Wales,nation,2021-10-14,2405335,2233773
W92000004,Wales,nation,2021-10-13,2404237,2232967
W92000004,Wales,nation,2021-10-12,2403211,2231804
W92000004,Wales,nation,2021-10-11,2401771,2230674
W92000004,Wales,nation,2021-10-10,2400694,2229956
W92000004,Wales,nation,2021-10-09,2395138,2229508
W92000004,Wales,nation,2021-10-08,2389900,2228786
W92000004,Wales,nation,2021-10-07,2389159,2228122
W92000004,Wales,nation,2021-10-06,2387746,2227522
W92000004,Wales,nation,2021-10-05,2385622,2226708
W92000004,Wales,nation,2021-10-04,2385134,2226140
W92000004,Wales,nation,2021-10-03,2384331,2225525
W92000004,Wales,nation,2021-10-02,2380492,2224661
W92000004,Wales,nation,2021-10-01,2377101,2224196
W92000004,Wales,nation,2021-09-30,2376708,2223545
W92000004,Wales,nation,2021-09-29,2376313,2222830
W92000004,Wales,nation,2021-09-28,2375943,2222202
W92000004,Wales,nation,2021-09-27,2375494,2221612
W92000004,Wales,nation,2021-09-26,2374984,2220762
W92000004,Wales,nation,2021-09-25,2373120,2220074
W92000004,Wales,nation,2021-09-24,2371364,2219473
W92000004,Wales,nation,2021-09-23,2370711,2218515
W92000004,Wales,nation,2021-09-22,2370309,2217956
W92000004,Wales,nation,2021-09-21,2369657,2216912
W92000004,Wales,nation,2021-09-20,2369093,2215768
W92000004,Wales,nation,2021-09-19,2368604,2214219
W92000004,Wales,nation,2021-09-18,2368230,2213783
W92000004,Wales,nation,2021-09-17,2367407,2212387
W92000004,Wales,nation,2021-09-16,2366234,2211035
W92000004,Wales,nation,2021-09-15,2365400,2209785
W92000004,Wales,nation,2021-09-14,2364691,2208460
W92000004,Wales,nation,2021-09-13,2368124,2202393
W92000004,Wales,nation,2021-09-12,2367402,2201389
W92000004,Wales,nation,2021-09-11,2366992,2200560
W92000004,Wales,nation,2021-09-10,2366308,2198936
W92000004,Wales,nation,2021-09-09,2365263,2196957
W92000004,Wales,nation,2021-09-08,2364393,2195417
W92000004,Wales,nation,2021-09-07,2363623,2194075
W92000004,Wales,nation,2021-09-06,2362580,2192341
W92000004,Wales,nation,2021-09-05,2361787,2191445
W92000004,Wales,nation,2021-09-04,2361119,2190401
W92000004,Wales,nation,2021-09-03,2359817,2189004
W92000004,Wales,nation,2021-09-02,2358138,2186704
W92000004,Wales,nation,2021-09-01,2355999,2183656
W92000004,Wales,nation,2021-08-31,2354057,2182301
W92000004,Wales,nation,2021-08-30,2352754,2180336
W92000004,Wales,nation,2021-08-29,2352706,2180222
W92000004,Wales,nation,2021-08-28,2351928,2179653
W92000004,Wales,nation,2021-08-27,2351045,2178145
W92000004,Wales,nation,2021-08-26,2349268,2174937
W92000004,Wales,nation,2021-08-25,2347000,2171499
W92000004,Wales,nation,2021-08-24,2343371,2169358
W92000004,Wales,nation,2021-08-23,2339253,2166569
W92000004,Wales,nation,2021-08-22,2335573,2165119
W92000004,Wales,nation,2021-08-21,2334512,2162418
W92000004,Wales,nation,2021-08-20,2330776,2159597
W92000004,Wales,nation,2021-08-19,2327180,2156653
W92000004,Wales,nation,2021-08-18,2323425,2153517
W92000004,Wales,nation,2021-08-17,2320165,2150141
W92000004,Wales,nation,2021-08-16,2316668,2146391
W92000004,Wales,nation,2021-08-15,2314713,2144119
W92000004,Wales,nation,2021-08-14,2313528,2141039
W92000004,Wales,nation,2021-08-13,2312341,2136749
W92000004,Wales,nation,2021-08-12,2310898,2132116
W92000004,Wales,nation,2021-08-11,2309415,2127921
W92000004,Wales,nation,2021-08-10,2307504,2123159
W92000004,Wales,nation,2021-08-09,2305562,2118707
W92000004,Wales,nation,2021-08-08,2304271,2115477
W92000004,Wales,nation,2021-08-07,2302997,2111288
W92000004,Wales,nation,2021-08-06,2301448,2105153
W92000004,Wales,nation,2021-08-05,2300137,2099624
W92000004,Wales,nation,2021-08-04,2299204,2092103
W92000004,Wales,nation,2021-08-03,2298387,2083343
W92000004,Wales,nation,2021-08-02,2297398,2073996
W92000004,Wales,nation,2021-08-01,2296517,2066442
W92000004,Wales,nation,2021-07-31,2295923,2062402
W92000004,Wales,nation,2021-07-30,2294916,2054596
W92000004,Wales,nation,2021-07-29,2293927,2047616
W92000004,Wales,nation,2021-07-28,2292572,2036670
W92000004,Wales,nation,2021-07-27,2291418,2023733
W92000004,Wales,nation,2021-07-26,2290213,2013128
W92000004,Wales,nation,2021-07-25,2289142,2002162
W92000004,Wales,nation,2021-07-24,2288219,1993816
W92000004,Wales,nation,2021-07-23,2287011,1985047
W92000004,Wales,nation,2021-07-22,2286154,1973196
W92000004,Wales,nation,2021-07-21,2285118,1959641
W92000004,Wales,nation,2021-07-20,2284065,1946526
W92000004,Wales,nation,2021-07-19,2282992,1933664
W92000004,Wales,nation,2021-07-18,2282410,1925084
W92000004,Wales,nation,2021-07-17,2281644,1918345
W92000004,Wales,nation,2021-07-16,2280674,1905420
W92000004,Wales,nation,2021-07-15,2279139,1892082
W92000004,Wales,nation,2021-07-14,2278204,1876709
W92000004,Wales,nation,2021-07-13,2277055,1861700
W92000004,Wales,nation,2021-07-12,2275764,1846043
W92000004,Wales,nation,2021-07-11,2274421,1832550
W92000004,Wales,nation,2021-07-10,2273561,1825167
W92000004,Wales,nation,2021-07-09,2271925,1810196
W92000004,Wales,nation,2021-07-08,2270517,1798260
W92000004,Wales,nation,2021-07-07,2269131,1783079
W92000004,Wales,nation,2021-07-06,2267640,1764640
W92000004,Wales,nation,2021-07-05,2266056,1746136
W92000004,Wales,nation,2021-07-04,2264974,1730632
W92000004,Wales,nation,2021-07-03,2263775,1723824
W92000004,Wales,nation,2021-07-02,2262284,1712534
W92000004,Wales,nation,2021-07-01,2261056,1695819
W92000004,Wales,nation,2021-06-30,2259622,1677738
W92000004,Wales,nation,2021-06-29,2257737,1659754
W92000004,Wales,nation,2021-06-28,2255039,1642788
W92000004,Wales,nation,2021-06-27,2253214,1627242
W92000004,Wales,nation,2021-06-26,2252270,1618476
W92000004,Wales,nation,2021-06-25,2250126,1607785
W92000004,Wales,nation,2021-06-24,2248012,1591322
W92000004,Wales,nation,2021-06-23,2245884,1571710
W92000004,Wales,nation,2021-06-22,2242482,1553091
W92000004,Wales,nation,2021-06-21,2239271,1534373
W92000004,Wales,nation,2021-06-20,2237710,1517604
W92000004,Wales,nation,2021-06-19,2236091,1509144
W92000004,Wales,nation,2021-06-18,2233036,1490746
W92000004,Wales,nation,2021-06-17,2228532,1473927
W92000004,Wales,nation,2021-06-16,2225499,1454064
W92000004,Wales,nation,2021-06-15,2222281,1432201
W92000004,Wales,nation,2021-06-14,2218103,1410924
W92000004,Wales,nation,2021-06-13,2216031,1384673
W92000004,Wales,nation,2021-06-12,2213050,1378010
W92000004,Wales,nation,2021-06-11,2207350,1358158
W92000004,Wales,nation,2021-06-10,2201665,1336479
W92000004,Wales,nation,2021-06-09,2195485,1314368
W92000004,Wales,nation,2021-06-08,2190460,1291699
W92000004,Wales,nation,2021-06-07,2185427,1270606
W92000004,Wales,nation,2021-06-06,2183455,1249268
W92000004,Wales,nation,2021-06-05,2179830,1237123
W92000004,Wales,nation,2021-06-04,2175013,1208599
W92000004,Wales,nation,2021-06-03,2169624,1181259
W92000004,Wales,nation,2021-06-02,2161028,1157904
W92000004,Wales,nation,2021-06-01,2152709,1138112
W92000004,Wales,nation,2021-05-31,2147274,1118396
W92000004,Wales,nation,2021-05-30,2146071,1113969
W92000004,Wales,nation,2021-05-29,2141427,1111929
W92000004,Wales,nation,2021-05-28,2135359,1102749
W92000004,Wales,nation,2021-05-27,2128063,1081162
W92000004,Wales,nation,2021-05-26,2120049,1058464
W92000004,Wales,nation,2021-05-25,2112647,1037749
W92000004,Wales,nation,2021-05-24,2105319,1019230
W92000004,Wales,nation,2021-05-23,2099263,1003682
W92000004,Wales,nation,2021-05-22,2091824,1000706
W92000004,Wales,nation,2021-05-21,2081036,984651
W92000004,Wales,nation,2021-05-20,2069689,969682
W92000004,Wales,nation,2021-05-19,2058106,952468
W92000004,Wales,nation,2021-05-18,2046011,939072
W92000004,Wales,nation,2021-05-17,2035905,927215
W92000004,Wales,nation,2021-05-16,2027803,917431
W92000004,Wales,nation,2021-05-15,2019160,915674
W92000004,Wales,nation,2021-05-14,2005939,905860
W92000004,Wales,nation,2021-05-13,1990783,891569
W92000004,Wales,nation,2021-05-12,1975820,877756
W92000004,Wales,nation,2021-05-11,1961670,863469
W92000004,Wales,nation,2021-05-10,1948683,854441
W92000004,Wales,nation,2021-05-09,1935003,846180
W92000004,Wales,nation,2021-05-08,1922881,842047
W92000004,Wales,nation,2021-05-07,1909659,831149
W92000004,Wales,nation,2021-05-06,1895998,815043
W92000004,Wales,nation,2021-05-05,1884372,798925
W92000004,Wales,nation,2021-05-04,1873152,783120
W92000004,Wales,nation,2021-05-03,1864400,772527
W92000004,Wales,nation,2021-05-02,1861391,771278
W92000004,Wales,nation,2021-05-01,1854687,769719
W92000004,Wales,nation,2021-04-30,1846896,765029
W92000004,Wales,nation,2021-04-29,1830964,748700
W92000004,Wales,nation,2021-04-28,1816451,732643
W92000004,Wales,nation,2021-04-27,1800428,715425
W92000004,Wales,nation,2021-04-26,1785347,701099
W92000004,Wales,nation,2021-04-25,1777375,689534
W92000004,Wales,nation,2021-04-24,1768585,687049
W92000004,Wales,nation,2021-04-23,1758106,670413
W92000004,Wales,nation,2021-04-22,1742273,653537
W92000004,Wales,nation,2021-04-21,1727455,635655
W92000004,Wales,nation,2021-04-20,1712372,622513
W92000004,Wales,nation,2021-04-19,1699092,610882
W92000004,Wales,nation,2021-04-18,1692463,602807
W92000004,Wales,nation,2021-04-17,1685298,601458
W92000004,Wales,nation,2021-04-16,1673279,588833
W92000004,Wales,nation,2021-04-15,1657028,574590
W92000004,Wales,nation,2021-04-14,1640045,559888
W92000004,Wales,nation,2021-04-13,1621282,549193
W92000004,Wales,nation,2021-04-12,1602939,537195
W92000004,Wales,nation,2021-04-11,1587851,528199
W92000004,Wales,nation,2021-04-10,1572752,525177
W92000004,Wales,nation,2021-04-09,1556316,509478
W92000004,Wales,nation,2021-04-08,1537122,498318
W92000004,Wales,nation,2021-04-07,1519760,484739
W92000004,Wales,nation,2021-04-06,1502641,475570
W92000004,Wales,nation,2021-04-05,1493192,469251
W92000004,Wales,nation,2021-04-04,1490372,467683
W92000004,Wales,nation,2021-04-03,1483201,466118
W92000004,Wales,nation,2021-04-02,1472643,463445
W92000004,Wales,nation,2021-04-01,1460880,459777
W92000004,Wales,nation,2021-03-31,1443885,449538
W92000004,Wales,nation,2021-03-30,1427183,437937
W92000004,Wales,nation,2021-03-29,1413710,424016
W92000004,Wales,nation,2021-03-28,1400750,416862
W92000004,Wales,nation,2021-03-27,1387583,412663
W92000004,Wales,nation,2021-03-26,1365355,400743
W92000004,Wales,nation,2021-03-25,1341620,389663
W92000004,Wales,nation,2021-03-24,1320188,378795
W92000004,Wales,nation,2021-03-23,1302974,366803
W92000004,Wales,nation,2021-03-22,1288250,353347
W92000004,Wales,nation,2021-03-21,1273186,346058
W92000004,Wales,nation,2021-03-20,1258769,338959
W92000004,Wales,nation,2021-03-19,1231830,329530
W92000004,Wales,nation,2021-03-18,1204101,318976
W92000004,Wales,nation,2021-03-17,1180155,304411
W92000004,Wales,nation,2021-03-16,1157251,289185
W92000004,Wales,nation,2021-03-15,1139866,272983
W92000004,Wales,nation,2021-03-14,1122931,264255
W92000004,Wales,nation,2021-03-13,1113498,257398
W92000004,Wales,nation,2021-03-12,1084329,250026
W92000004,Wales,nation,2021-03-11,1056787,237357
W92000004,Wales,nation,2021-03-10,1034141,221902
W92000004,Wales,nation,2021-03-09,1019210,206394
W92000004,Wales,nation,2021-03-08,1007391,192030
W92000004,Wales,nation,2021-03-07,998296,183739
W92000004,Wales,nation,2021-03-06,995059,176054
W92000004,Wales,nation,2021-03-05,983419,168163
W92000004,Wales,nation,2021-03-04,967042,154819
W92000004,Wales,nation,2021-03-03,951540,139445
W92000004,Wales,nation,2021-03-02,942017,124781
W92000004,Wales,nation,2021-03-01,933485,111716
W92000004,Wales,nation,2021-02-28,925669,103819
W92000004,Wales,nation,2021-02-27,923615,96408
W92000004,Wales,nation,2021-02-26,916336,89053
W92000004,Wales,nation,2021-02-25,902334,80062
W92000004,Wales,nation,2021-02-24,889270,69851
W92000004,Wales,nation,2021-02-23,878506,59279
W92000004,Wales,nation,2021-02-22,869653,49729
W92000004,Wales,nation,2021-02-21,862248,42752
W92000004,Wales,nation,2021-02-20,860083,37773
W92000004,Wales,nation,2021-02-19,853904,32002
W92000004,Wales,nation,2021-02-18,839065,25433
W92000004,Wales,nation,2021-02-17,822633,19342
W92000004,Wales,nation,2021-02-16,807351,12988
W92000004,Wales,nation,2021-02-15,795927,7251
W92000004,Wales,nation,2021-02-14,784809,5402
W92000004,Wales,nation,2021-02-13,771651,4573
W92000004,Wales,nation,2021-02-12,749445,4224
W92000004,Wales,nation,2021-02-11,715944,4010
W92000004,Wales,nation,2021-02-10,684097,3795
W92000004,Wales,nation,2021-02-09,655419,3687
W92000004,Wales,nation,2021-02-08,628760,3491
W92000004,Wales,nation,2021-02-07,603976,2792
W92000004,Wales,nation,2021-02-06,589622,2606
W92000004,Wales,nation,2021-02-05,556997,2471
W92000004,Wales,nation,2021-02-04,523042,1635
W92000004,Wales,nation,2021-02-03,490570,1216
W92000004,Wales,nation,2021-02-02,462497,1160
W92000004,Wales,nation,2021-02-01,439640,1066
W92000004,Wales,nation,2021-01-31,416306,841
W92000004,Wales,nation,2021-01-30,403463,786
W92000004,Wales,nation,2021-01-29,378200,750
W92000004,Wales,nation,2021-01-28,362253,717
W92000004,Wales,nation,2021-01-27,336071,674
W92000004,Wales,nation,2021-01-26,312305,639
W92000004,Wales,nation,2021-01-25,289566,581
W92000004,Wales,nation,2021-01-24,270833,543
W92000004,Wales,nation,2021-01-23,264538,516
W92000004,Wales,nation,2021-01-22,240547,469
W92000004,Wales,nation,2021-01-21,212317,415
W92000004,Wales,nation,2021-01-20,190435,396
W92000004,Wales,nation,2021-01-19,175816,370
W92000004,Wales,nation,2021-01-18,161932,265
W92000004,Wales,nation,2021-01-17,151737,201
W92000004,Wales,nation,2021-01-16,126375,129
W92000004,Wales,nation,2021-01-15,126375,129
W92000004,Wales,nation,2021-01-14,126375,129
W92000004,Wales,nation,2021-01-13,112973,121
W92000004,Wales,nation,2021-01-12,101371,108
W92000004,Wales,nation,2021-01-11,91239,97
W92000004,Wales,nation,2021-01-10,86039,79
